<?xml version="1.1" encoding="UTF-8"?>
<project name="ml-ant-http" basedir="." default="http-get">

  <property name="ml-ant-http.jar" value="ml-ant-http-1.1.3.jar"/>

  <fileset id="runtime.libs" dir=".">
    <include name="${ml-ant-http.jar}"/>
  </fileset>
  
  <path id="runtime.classpath">
    <fileset refid="runtime.libs"/>
  </path>

  <taskdef name="http" classname="org.missinglink.ant.task.http.HttpClientTask">
    <classpath refid="runtime.classpath"/>
  </taskdef>

  <target name="http-get">
    <http url="http://www.google.com"/>
  </target>
  
</project>